<?xml version="1.0" encoding="utf-8"?>
<extension version="3.2" type="plugin" group="system" method="upgrade">
	<author>Matt Thomas</author>
	<authorEmail>matt@betweenbrain.com</authorEmail>
	<authorUrl>http://betweenbrain.com</authorUrl>
	<copyright>(C) 2014 Matt Thomas. All rights reserved.</copyright>
	<creationDate>March 12, 2014</creationDate>
	<description>PLG_SYSTEM_INJECTOR_DESC</description>
	<license>GNU/GPL v2 or later</license>
	<name>plg_injector</name>
	<version>0.2-alpha</version>

	<files>
		<filename plugin="injector">injector.php</filename>
		<folder>tmpl</folder>
	</files>

	<languages folder="languages">
		<language tag="en-GB">en-GB/en-GB.plg_system_injector.ini</language>
		<language tag="en-GB">en-GB/en-GB.plg_system_injector.sys.ini</language>
	</languages>

</extension>