<?xml version="1.0" encoding="utf-8"?>
<extension version="3.2" type="plugin" group="editors-xtd" method="upgrade">
	<author>Matt Thomas</author>
	<authorEmail>matt@betweenbrain.com</authorEmail>
	<authorUrl>http://betweenbrain.com</authorUrl>
	<copyright>(C) 2014 Matt Thomas. All rights reserved.</copyright>
	<creationDate>March 12, 2014</creationDate>
	<description>PLG_EDITOR_CONTENT_INJECTOR_DESC</description>
	<license>GNU/GPL v2 or later</license>
	<name>plg_editors-xtd_content_injector</name>
	<version>0.1</version>

	<files>
		<filename plugin="content_injector">content_injector.php</filename>
	</files>

	<languages folder="languages">
		<language tag="en-GB">en-GB/en-GB.plg_editors-xtd_content_injector.ini</language>
		<language tag="en-GB">en-GB/en-GB.plg_editors-xtd_content_injector.sys.ini</language>
	</languages>

</extension>