<?xml version="1.0" encoding="utf-8"?>
<extension version="3.2" type="plugin" group="ajax" method="upgrade">
	<author>Matt Thomas</author>
	<authorEmail>matt@betweenbrain.com</authorEmail>
	<authorUrl>http://betweenbrain.com</authorUrl>
	<copyright>(C) 2014 Matt Thomas. All rights reserved.</copyright>
	<creationDate>April 3, 2014</creationDate>
	<description>PLG_AJAX_INJECTOR_DESC</description>
	<license>GNU/GPL v2 or later</license>
	<name>plg_ajax_injector</name>
	<scriptfile>script.php</scriptfile>
	<version>0.2</version>

	<files>
		<filename plugin="injector">injector.php</filename>
		<filename>response.php</filename>
		<folder>language</folder>
	</files>

</extension>